One More Time - Daft Punk	Discovery	Daft Punk
Aerodynamic - Daft Punk	Discovery	Daft Punk
Digital Love - Daft Punk	Discovery	Daft Punk
Harder, Better, Faster, Stronger - Daft Punk	Discovery	Daft Punk
Crescendolls - Daft Punk	Discovery	Daft Punk
Nightvision - Daft Punk	Discovery	Daft Punk
Superheroes - Daft Punk	Discovery	Daft Punk
High Life - Daft Punk	Discovery	Daft Punk
Something About Us - Daft Punk	Discovery	Daft Punk
Voyager - Daft Punk	Discovery	Daft Punk
Veridis Quo - Daft Punk	Discovery	Daft Punk
Short Circuit - Daft Punk	Discovery	Daft Punk
Face to Face - Daft Punk	Discovery	Daft Punk
Too Long - Daft Punk	Discovery	Daft Punk
Human After All - Daft Punk	Human After All	Daft Punk	GOAL
The Prime Time of Your Life - Daft Punk	Human After All	Daft Punk	GOAL
Robot Rock - Daft Punk	Human After All	Daft Punk	GOAL
Steam Machine - Daft Punk	Human After All	Daft Punk	GOAL
Make Love - Daft Punk	Human After All	Daft Punk	GOAL
The Brainwasher - Daft Punk	Human After All	Daft Punk	GOAL
On/Off - Daft Punk	Human After All	Daft Punk	GOAL
Television Rules the Nation - Daft Punk	Human After All	Daft Punk	GOAL
Technologic - Daft Punk	Human After All	Daft Punk	GOAL
Emotion - Daft Punk	Human After All	Daft Punk	GOAL
Give Life Back to Music - Daft Punk	Random Access Memories	Daft Punk
The Game of Love - Daft Punk	Random Access Memories	Daft Punk
Giorgio by Moroder - Daft Punk	Random Access Memories	Daft Punk
Within - Daft Punk	Random Access Memories	Daft Punk
Instant Crush (feat. Julian Casablancas) - Daft Punk	Random Access Memories	Daft Punk
Lose Yourself to Dance (feat. Pharrell Williams) - Daft Punk	Random Access Memories	Daft Punk
Touch (feat. Paul Williams) - Daft Punk	Random Access Memories	Daft Punk
Get Lucky (feat. Pharrell Williams and Nile Rodgers) - Daft Punk	Random Access Memories	Daft Punk
Beyond - Daft Punk	Random Access Memories	Daft Punk
Motherboard - Daft Punk	Random Access Memories	Daft Punk
Fragments of Time (feat. Todd Edwards) - Daft Punk	Random Access Memories	Daft Punk
Doin’ It Right (feat. Panda Bear) - Daft Punk	Random Access Memories	Daft Punk
Contact - Daft Punk	Random Access Memories	Daft Punk
Horizon Ouverture - Daft Punk	Random Access Memories	Daft Punk
Horizon - Daft Punk	Random Access Memories	Daft Punk
GLBTM (studio outtakes) - Daft Punk	Random Access Memories	Daft Punk
Infinity Repeating (2013 demo) (feat. The Voidz) - Daft Punk	Random Access Memories	Daft Punk
GL (early take) (feat. Pharrell Williams and Nile Rodgers) - Daft Punk	Random Access Memories	Daft Punk
Prime (2012 unfinished) - Daft Punk	Random Access Memories	Daft Punk
LYTD (vocoder tests) (feat. Pharrell Williams) - Daft Punk	Random Access Memories	Daft Punk
The Writing of Fragments of Time (feat. Todd Edwards) - Daft Punk	Random Access Memories	Daft Punk
Touch (2021 epilogue) (feat. Paul Williams) - Daft Punk	Random Access Memories	Daft Punk
Elseware - Oneohtrix Point Never	Again	Oneohtrix Point Never
Again - Oneohtrix Point Never	Again	Oneohtrix Point Never
World Outside - Oneohtrix Point Never	Again	Oneohtrix Point Never
Krumville - Oneohtrix Point Never	Again	Oneohtrix Point Never
Locrian Midwest - Oneohtrix Point Never	Again	Oneohtrix Point Never
Plastic Antique - Oneohtrix Point Never	Again	Oneohtrix Point Never
Gray Subviolet - Oneohtrix Point Never	Again	Oneohtrix Point Never
The Body Trail - Oneohtrix Point Never	Again	Oneohtrix Point Never
Nightmare Paint - Oneohtrix Point Never	Again	Oneohtrix Point Never
Memories of Music - Oneohtrix Point Never	Again	Oneohtrix Point Never
On an Axis - Oneohtrix Point Never	Again	Oneohtrix Point Never
Ubiquity Road - Oneohtrix Point Never	Again	Oneohtrix Point Never
A Barely Lit Path - Oneohtrix Point Never	Again	Oneohtrix Point Never
For Residue - Oneohtrix Point Never	Tranquilizer	Oneohtrix Point Never	GOAL
Bumpy - Oneohtrix Point Never	Tranquilizer	Oneohtrix Point Never	GOAL
Lifeworld - Oneohtrix Point Never	Tranquilizer	Oneohtrix Point Never	GOAL
Measuring Ruins - Oneohtrix Point Never	Tranquilizer	Oneohtrix Point Never	GOAL
Modern Lust - Oneohtrix Point Never	Tranquilizer	Oneohtrix Point Never	GOAL
Fear of Symmetry - Oneohtrix Point Never	Tranquilizer	Oneohtrix Point Never	GOAL
Vestigel - Oneohtrix Point Never	Tranquilizer	Oneohtrix Point Never	GOAL
Cherry Blue - Oneohtrix Point Never	Tranquilizer	Oneohtrix Point Never	GOAL
Bell Scanner - Oneohtrix Point Never	Tranquilizer	Oneohtrix Point Never	GOAL
D.I.S. - Oneohtrix Point Never	Tranquilizer	Oneohtrix Point Never	GOAL
Tranquilizer - Oneohtrix Point Never	Tranquilizer	Oneohtrix Point Never	GOAL
Storm Show - Oneohtrix Point Never	Tranquilizer	Oneohtrix Point Never	GOAL
Petro - Oneohtrix Point Never	Tranquilizer	Oneohtrix Point Never	GOAL
Rodl Glide - Oneohtrix Point Never	Tranquilizer	Oneohtrix Point Never	GOAL
Waterfalls - Oneohtrix Point Never	Tranquilizer	Oneohtrix Point Never	GOAL
Ready Lets Go - Boards of Canada	Geogaddi	Boards of Canada
Music Is Math - Boards of Canada	Geogaddi	Boards of Canada
Beware the Friendly Stranger - Boards of Canada	Geogaddi	Boards of Canada
Gyroscope - Boards of Canada	Geogaddi	Boards of Canada
Dandelion - Boards of Canada	Geogaddi	Boards of Canada
Sunshine Recorder - Boards of Canada	Geogaddi	Boards of Canada
In the Annexe - Boards of Canada	Geogaddi	Boards of Canada
Julie and Candy - Boards of Canada	Geogaddi	Boards of Canada
The Smallest Weird Number - Boards of Canada	Geogaddi	Boards of Canada
1969 - Boards of Canada	Geogaddi	Boards of Canada
Energy Warning - Boards of Canada	Geogaddi	Boards of Canada
The Beach at Redpoint - Boards of Canada	Geogaddi	Boards of Canada
Opening the Mouth - Boards of Canada	Geogaddi	Boards of Canada
Alpha and Omega - Boards of Canada	Geogaddi	Boards of Canada
I Saw Drones - Boards of Canada	Geogaddi	Boards of Canada
The Devil Is in the Details - Boards of Canada	Geogaddi	Boards of Canada
A Is to B as B Is to C - Boards of Canada	Geogaddi	Boards of Canada
Over the Horizon Radar - Boards of Canada	Geogaddi	Boards of Canada
Dawn Chorus - Boards of Canada	Geogaddi	Boards of Canada
Diving Station - Boards of Canada	Geogaddi	Boards of Canada
You Could Feel the Sky - Boards of Canada	Geogaddi	Boards of Canada
Corsair - Boards of Canada	Geogaddi	Boards of Canada
Magic Window - Boards of Canada	Geogaddi	Boards of Canada
From One Source All Things Depend - Boards of Canada	Geogaddi	Boards of Canada
Introit - Boards of Canada	Inferno	Boards of Canada	GOAL
Prophecy at 1420 MHz - Boards of Canada	Inferno	Boards of Canada	GOAL
Hydrogen Helium Lithium Leviathan - Boards of Canada	Inferno	Boards of Canada	GOAL
Age of Capricorn - Boards of Canada	Inferno	Boards of Canada	GOAL
Father and Son - Boards of Canada	Inferno	Boards of Canada	GOAL
Somewhere Right Now in the Future - Boards of Canada	Inferno	Boards of Canada	GOAL
Naraka - Boards of Canada	Inferno	Boards of Canada	GOAL
Acts of Magic - Boards of Canada	Inferno	Boards of Canada	GOAL
Memory Death - Boards of Canada	Inferno	Boards of Canada	GOAL
The Word Becomes Flesh - Boards of Canada	Inferno	Boards of Canada	GOAL
Into the Magic Land - Boards of Canada	Inferno	Boards of Canada	GOAL
Blood in the Labyrinth - Boards of Canada	Inferno	Boards of Canada	GOAL
Deep Time - Boards of Canada	Inferno	Boards of Canada	GOAL
All Reason Departs - Boards of Canada	Inferno	Boards of Canada	GOAL
Arena Americanada - Boards of Canada	Inferno	Boards of Canada	GOAL
The Process - Boards of Canada	Inferno	Boards of Canada	GOAL
You Retreat in Time and Space - Boards of Canada	Inferno	Boards of Canada	GOAL
I Saw Through Platonia - Boards of Canada	Inferno	Boards of Canada	GOAL
Wildlife Analysis - Boards of Canada	Music Has the Right to Children	Boards of Canada
An Eagle in Your Mind - Boards of Canada	Music Has the Right to Children	Boards of Canada
The Color of the Fire - Boards of Canada	Music Has the Right to Children	Boards of Canada
Telephasic Workshop - Boards of Canada	Music Has the Right to Children	Boards of Canada
Triangles & Rhombuses - Boards of Canada	Music Has the Right to Children	Boards of Canada
Sixtyten - Boards of Canada	Music Has the Right to Children	Boards of Canada
Turquoise Hexagon Sun - Boards of Canada	Music Has the Right to Children	Boards of Canada
Kaini Industries - Boards of Canada	Music Has the Right to Children	Boards of Canada
Bocuma - Boards of Canada	Music Has the Right to Children	Boards of Canada
Roygbiv - Boards of Canada	Music Has the Right to Children	Boards of Canada
Rue the Whirl - Boards of Canada	Music Has the Right to Children	Boards of Canada
Aquarius - Boards of Canada	Music Has the Right to Children	Boards of Canada
Olson - Boards of Canada	Music Has the Right to Children	Boards of Canada
Pete Standing Alone - Boards of Canada	Music Has the Right to Children	Boards of Canada
Smokes Quantity - Boards of Canada	Music Has the Right to Children	Boards of Canada
Open the Light - Boards of Canada	Music Has the Right to Children	Boards of Canada
One Very Important Thought - Boards of Canada	Music Has the Right to Children	Boards of Canada
Happy Cycling - Boards of Canada	Music Has the Right to Children	Boards of Canada
Never Meant to Know - Tally Hall	Good & Evil	[Starter]	GOAL
& - Tally Hall	Good & Evil	[Starter]	GOAL
You & Me - Tally Hall	Good & Evil	[Starter]	GOAL
Cannibal - Tally Hall	Good & Evil	[Starter]	GOAL
Who You Are - Tally Hall	Good & Evil	[Starter]	GOAL
Sacred Beast - Tally Hall	Good & Evil	[Starter]	GOAL
Hymn for a Scarecrow - Tally Hall	Good & Evil	[Starter]	GOAL
A Lady - Tally Hall	Good & Evil	[Starter]	GOAL
The Trap - Tally Hall	Good & Evil	[Starter]	GOAL
Turn the Lights Off - Tally Hall	Good & Evil	[Starter]	GOAL
Misery Fell - Tally Hall	Good & Evil	[Starter]	GOAL
Out in the Twilight - Tally Hall	Good & Evil	[Starter]	GOAL
You - Tally Hall	Good & Evil	[Starter]	GOAL
Fate of the Stars - Tally Hall	Good & Evil	[Starter]	GOAL
Water Deep - M83	Fantasy	[Starter]
Oceans Niagara - M83	Fantasy	[Starter]
Amnesia - M83	Fantasy	[Starter]
Us and the Rest - M83	Fantasy	[Starter]
Earth to Sea - M83	Fantasy	[Starter]
Radar, Far, Gone - M83	Fantasy	[Starter]
Deceiver - M83	Fantasy	[Starter]
Fantasy - M83	Fantasy	[Starter]
Laura - M83	Fantasy	[Starter]
Sunny Boy - M83	Fantasy	[Starter]
Kool Nuit (feat. Kaela) - M83	Fantasy	[Starter]
Sunny Boy Part 2 - M83	Fantasy	[Starter]
Dismemberment Bureau - M83	Fantasy	[Starter]
Lime Light - Plastic Tree	Plastic Tree	[Starter]
Zawameki - Plastic Tree	Plastic Tree	[Starter]
no rest for the wicked - Plastic Tree	Plastic Tree	[Starter]
Yuuen - Plastic Tree	Plastic Tree	[Starter]
Shikabane‐ze - Plastic Tree	Plastic Tree	[Starter]
Yoiyami - Plastic Tree	Plastic Tree	[Starter]
Invisible letter - Plastic Tree	Plastic Tree	[Starter]
Azabana - Plastic Tree	Plastic Tree	[Starter]
Maerchen - Plastic Tree	Plastic Tree	[Starter]
Yumeochi - Plastic Tree	Plastic Tree	[Starter]
Jenny Was a Friend of Mine - The Killers	Hot Fuss	[Starter]
Mr. Brightside - The Killers	Hot Fuss	[Starter]
Smile Like You Mean It - The Killers	Hot Fuss	[Starter]
Somebody Told Me - The Killers	Hot Fuss	[Starter]
All These Things That I’ve Done - The Killers	Hot Fuss	[Starter]
Andy, You’re a Star - The Killers	Hot Fuss	[Starter]
On Top - The Killers	Hot Fuss	[Starter]
Change Your Mind - The Killers	Hot Fuss	[Starter]
Believe Me Natalie - The Killers	Hot Fuss	[Starter]
Midnight Show - The Killers	Hot Fuss	[Starter]
Everything Will Be Alright - The Killers	Hot Fuss	[Starter]
Glamorous Indie Rock & Roll - The Killers	Hot Fuss	[Starter]
Sherane a.k.a. Master Splinter’s Daughter - Kendrick Lamar	good kid, m.A.A.d city	[Starter]	GOAL
Bitch, Don’t Kill My Vibe - Kendrick Lamar	good kid, m.A.A.d city	[Starter]	GOAL
Backseat Freestyle - Kendrick Lamar	good kid, m.A.A.d city	[Starter]	GOAL
The Art of Peer Pressure - Kendrick Lamar	good kid, m.A.A.d city	[Starter]	GOAL
Money Trees (feat. Jay Rock) - Kendrick Lamar	good kid, m.A.A.d city	[Starter]	GOAL
Poetic Justice (feat. Drake) - Kendrick Lamar	good kid, m.A.A.d city	[Starter]	GOAL
good kid - Kendrick Lamar	good kid, m.A.A.d city	[Starter]	GOAL
m.A.A.d city (feat. MC Eiht) - Kendrick Lamar	good kid, m.A.A.d city	[Starter]	GOAL
Swimming Pools (Drank) (extended version) - Kendrick Lamar	good kid, m.A.A.d city	[Starter]	GOAL
Sing About Me, I’m Dying of Thirst - Kendrick Lamar	good kid, m.A.A.d city	[Starter]	GOAL
Real (feat. Anna Wise) - Kendrick Lamar	good kid, m.A.A.d city	[Starter]	GOAL
Compton (feat. Dr. Dre) - Kendrick Lamar	good kid, m.A.A.d city	[Starter]	GOAL
The Recipe (feat. Dr. Dre) - Kendrick Lamar	good kid, m.A.A.d city	[Starter]	GOAL
Black Boy Fly - Kendrick Lamar	good kid, m.A.A.d city	[Starter]	GOAL
Now or Never (feat. Mary J. Blige) - Kendrick Lamar	good kid, m.A.A.d city	[Starter]	GOAL
