1, Airport Delights, 2, 15, 25, 43, 51, 62, 70, 147, 155, 159, 163, 171, 180, 189, 204, 253, 257, 266, 267
2, Burgers and Patties, 2, 147, 159, 179, 182, 149, 163, 153
3, Sandwich Heaven, 23, 38, 44, 64, 72, 153, 163, 175, 241, 244, 289
4, Thanksgiving, 6, 11, 24, 53, 54, 59, 74, 84, 134, 218, 233, 282, 287, 292, 293, 80, 104, 137, 197
5, Friendsgiving, 2, 7, 8, 15, 34, 39, 46, 51, 62, 63, 73, 78, 115, 143, 153, 160, 171, 220, 223, 227
6, Tailgate Traditions, 12, 15, 14, 22, 44, 52, 55, 72, 159, 171, 178, 190, 189, 196, 205, 213, 232, 241, 251, 284
7, Fiesta!, 7, 12, 39, 52, 76, 150, 154, 171, 183, 187, 188, 247
8, Wrap/Roll/Fold, 5, 27, 84, 101, 148, 150, 151, 154, 199, 215, 233, 247, 288, 277, 222, 245
9, Summertime Buffet, 8, 22, 30, 48, 56, 62, 66, 75, 80, 83, 173, 207, 212, 221, 253, 272, 294
10, Rolls & Sizzling Beef, 17, 23, 28, 30, 38, 35, 52, 64, 68, 71, 85, 132, 149, 263, 270, 280, 290, 287, 282
11, BYOBBQ, 2, 52, 53, 54, 55, 71, 159, 147, 181, 185, 190, 195, 240, 261, 160, 178
12, Breakfast Favorites, 10, 14, 56, 61, 126, 148, 149, 172, 191, 173, 201, 210, 235, 270, 272, 278
13, Texas Traditions, 7, 12, 38, 44, 55, 72, 76, 77, 86, 134, 152, 153, 154, 159, 170, 178, 185, 209, 213, 260
14, The Freshest, 10, 13, 16, 21, 26, 31, 37, 40, 41, 57, 63, 65, 67, 73, 83, 85, 104, 115, 169, 200, 207, 216, 219, 223, 231, 246, 248, 258, 264, 261, 265, 269, 276, 279, 281, 282, 284, 294
15, Bowls of Love, 3, 15, 19, 21, 32, 40, 47, 61, 65, 66, 67, 69, 75, 161, 174, 201, 203, 208, 218, 264, 290, 292, 293, 283, 280, 276, 243, 242, 236
16, Too Much Delicious, 4, 9, 11, 16, 27, 33, 42, 43, 49, 58, 67, 68, 77, 81, 88, 157, 192, 198, 203, 206
17, DANCE PARTY 2008, 205, 208, 211, 212, 213, 214, 219, 220, 224, 228, 229, 231, 237, 238, 239, 245, 249, 252, 263, 280
18, Fancy Pants, 19, 24, 29, 71, 78, 84, 157, 182, 212, 216, 236, 239, 242, 243, 264, 265, 285, 169, 168, 198, 197
19, Time to Dine, 13, 18, 20, 21, 27, 31, 43, 50, 51, 64, 69, 75, 80, 82, 83, 87, 86, 158, 171, 177
20, Shake and Bake, 20, 23, 33, 70, 186, 198, 223, 233, 234, 242, 249, 254, 257, 258, 263, 271, 289, 294, 295, 203
21, Fire and Ice, 4, 15, 29, 75, 77, 186, 197, 208, 216, 220, 222, 250, 254, 257, 262, 266, 269, 285
22, Tasty Treats, 4, 8, 9, 27, 28, 29, 75, 87, 88, 143, 151, 158, 183, 197, 209, 220, 222, 223, 224, 242, 248, 249, 254, 257, 262, 264, 266, 267, 268, 269, 270, 271, 272, 277, 285, 288, 294, 295, 230, 74
23, CSD Classics, -1002, 27, 123, 103
24, CSD 2 Classics, -1002, 27, 023
25, Da New Foodz, -1002, 27, 003
26, Pickled, 2, 159, 163, 153, 241, 244, 221, 215
27, Salad Envy, 31, 40, 66, 104, 134, 237, 246, 265
28, Hot Soups, 15, 16, 18, 19, 21, 22, 25, 26, 30, 32, 37, 47, 63, 67, 77, 221, 219, 283, 177
29, Chilled, 262, 216, 83, 10, 87, 200, 209, 218, 228, 256, 259, 269, 295, 294
30, Just the B’s Please, 196, 78, 2, 197, 64, 147, 198, 28, 3, 73, 14, 29, 294, 210, 219, 21, 148, 149, 52, 271, 85, 150, 80
31, S Diet, 237, 179, 238, 239, 282, 180, 55, 284, 7, 59, 240, 67, 68, 285, 181, 74, 182, 241, 258, 295, 221, 183, 283, 242, 253, 268, 184, 251, 185, 86, 225, 243, 137, 186, 244, 245
32, Bobas and Sodas, 294, 295, 259, 258, 257, 256, 255, 254
33, Reservations, 246, 225, 237, 234, 181, 209, 203, 235, 198, 174, 182, 5, 20, 49, 57, 73, 82, 137, 221, 278
34, Earth Flavors, 163, 184, 147, 200, 216, 233, 235, 3, 21, 31, 63, 68, 80, 134, 177, 228, 279, 287, 212, 132, 67
35, The World Tour, 154, 183, 173, 231, 246, 180, 179, 49, 238, 225, 115, 6, 9, 13, 33, 59, 65, 69, 215, 219
36, Leaning Tower, 51, 253, 203, 151, 202, 235, 87, 162, 5, 19, 23, 27, 84, 261, 34, 290
37, Wieners Dinners, 70, 160, 46, 158, 205, 251, 34, 290, 291, 55, 75, 180
38, Fried Fantasy, 49, 213, 42, 86, 43, 50, 158, 183, 154, 291, 267, 238, 224, 214, 153, 151, 152, 101, 57, 39
39, Firekickers, 178, 159, 202, 175, 213, 176, 188, 44, 179, 204, 30, 2, 7, 8, 58, 59, 134, 218, 221, 223
40, Eaty’s Memories, 178, 209, 25, 237, 51, 15, 253, 170, 202, 6, 20, 24, 38, 66, 78, 143, 203, 214, 283, 291
41, Sebucosto 1991, 202, 185, 209, 71, 176, 171, 152, 240, 198, 178, 292, 282, 263, 218, 215, 74, 285, 169, 137, 134
42, The Far East, 250, 195, 252, 217, 227, 177, 239, 9, 81, 101, 115, 192, 193, 194, 222, 245, 296
43, Louisiana Spread, 19, 27, 28, 37, 22, 50, 49, 134, 169, 277, 284, 292
44, Simply Solids 0, -1002, 5, 0
45, Simply Solids 1, -1002, 5, 1
46, Simply Solids 2, -1002, 5, 2
47, Over and Over, 87, 51, 202, 84, 162, 247
48, The Egg, 3, 47, 68, 101, 148, 172, 186, 210, 235, 278, 296, 126
49, Chickenbits, 11, 42, 43, 84, 153, 163, 189, 193, 196, 202, 213, 280, 282, 287
50, Tofu-fu, 3, 41, 194, 217, 252
51, V thru Z, 162, 191, 249, 192, 193, 194, 195, 250, 215
52, Pie-fi, 35, 59, 74, 76, 230, 234, 235, 285
53, Easy Street, 4, 6, 9, 11, 17, 23, 29, 31, 40, 43, 61, 73, 81, 82, 85, 132, 137, 143, 162, 190, 195, 197, 201, 205, 219, 229, 262, 269, 288
54, Street Toughs, 279, 162, 216, 38, 70, 168, 277, 284, 261, 175, 155, 209, 83, 201, 170
55, Savor, 264, 225, 230, 52, 250, 39, 238, 224, 178, 184, 25, 132, 20, 8, 255
56, Variety Pack, 249, 84, 37, 12, 183, 288, 263, 197, 82, 208, 6, 212, 40, 244, 104
57, So Good, 171, 181, 276, 33, 223, 31, 271, 280, 5, 251, 205, 217, 236, 237, 257
58, Eat or Die?, 210, 151, 194, 69, 43, 148, 191, 59, 176, 76, 296, 207, 159, 23, 163
59, Munchies, 48, 49, 75, 137, 182, 169, 13, 19, 56, 30, 245, 177, 67, 262, 173
60, Drive Thru, 295, 294, 62, 27, 228, 153, 28, 2, 10, 256, 87, 154, 32, 269, 86
61, Chef Kiss, 268, 229, 282, 202, 57, 4, 289, 101, 258, 63, 18, 246, 74, 270, 47
62, Seconds, 17, 161, 73, 72, 16, 211, 179, 14, 188, 7, 78, 220, 21, 233, 143
63, Thirds, 53, 186, 85, 26, 204, 239, 221, 206, 42, 81, 29, 253, 234, 41, 293
64, The Food Diet, 152, 46, 247, 265, 240, 232, 292, 34, 174, 241, 290, 189, 215, 15, 235
65, Belt Loosener, 231, 287, 199, 64, 190, 24, 51, 88, 149, 219, 285, 35, 248, 150, 242
66, Dibs on Bibs, 66, 267, 266, 44, 77, 65, 61, 283, 218, 196, 68, 200, 157, 58, 172
67, Ooh Mama, 243, 3, 260, 55, 80, 281, 126, 227, 291, 193, 158, 222, 213, 134, 50
68, Wavy, 9, 115, 147, 252, 192, 198, 214, 203, 180, 11, 195, 71, 160, 22, 187, 278, 185, 272, 254, 259, 54
69, Tutorial, 2, 15, 25, 43, 51, 62, 70, 147, 155, 159, 163, 171, 180, 189, 204, 253, 257, 266, 267
70, Complex Solids 3, -1002, 5, 3
71, Complex Solids 4, -1002, 5, 4
72, Complex Solids 5, -1002, 5, 5
73, Entire Menu, -1003, 5, 0
74, The Hunger, 234, 151, 7, 72, 25, 240, 229, 283, 288, 126, 222, 215, 176, 192, 257, 31, 263, 56, 15, 232
75, Eatin’ Good, 236, 294, 179, 4, 71, 267, 290, 296, 284, 69, 77, 193, 134, 83, 67, 195, 295, 185, 212, 20
76, Feeling Full, 153, 231, 293, 239, 35, 23, 221, 206, 62, 57, 5, 228, 75, 66, 48, 155, 65, 238, 200, 29
77, Midnight Eats, 26, 233, 187, 70, 101, 50, 59, 186, 202, 253, 8, 169, 201, 173, 161, 148, 278, 63, 3, 46
78, The Sad Plate, 11, 262, 174, 191, 137, 85, 258, 237, 280, 150, 183, 197, 180, 76, 178, 287, 81, 175, 16, 264
79, Just Delightful, 159, 78, 21, 246, 271, 276, 249, 40, 17, 86, 266, 245, 170, 154, 211, 149, 2, 47, 158, 289
80, Last Meal, 272, 10, 171, 217, 12, 260, 243, 172, 244, 68, 39, 251, 51, 241, 281, 43, 61, 207, 190, 33
81, The Lunchbox, 279, 49, 225, 24, 132, 196, 41, 19, 32, 227, 199, 74, 198, 44, 157, 208, 291, 268, 282, 261
82, Finger Lickin’, 269, 254, 14, 292, 220, 13, 209, 277, 73, 256, 259, 265, 177, 210, 143, 115, 163, 88, 270, 184
83, Belt Destroyer, 87, 38, 160, 181, 80, 82, 6, 248, 223, 216, 252, 55, 250, 255, 285, 230, 18, 37, 9, 84
84, Stretchy Pants, 247, 219, 152, 58, 182, 52, 194, 30, 189, 22, 147, 42, 168, 242
85, Too Good, 28, 162, 188, 34, 205, 224, 54, 53, 64, 218, 27, 204, 104, 214, 203, 235, 213
86, Mouth Feel, 65, 56, 162, 80, 31, 265, 233, 59, 246, 3, 104, 66, 38, 174, 77, 81, 250, 254, 30, 238
87, Grub, 176, 231, 260, 26, 32, 2, 27, 234, 158, 227, 67, 14, 147, 264, 63, 292, 259, 212, 257, 242
88, Random Foods, -1005
89, Nom Nom Nom, 149, 42, 83, 291, 15, 61, 44, 134, 70, 150, 25, 192, 256, 228, 7, 230, 245, 203, 151, 235
90, Chef Special, 172, 75, 210, 159, 155, 195, 4, 43, 282, 191, 249, 252, 39, 251, 19, 194, 101, 13, 240, 186
91, A New World, 24, 179, 284, 277, 58, 148, 206, 271, 253, 200, 270, 22, 289, 55, 221, 28, 71, 272, 207, 229
92, Full Plate, 209, 202, 211, 288, 267, 12, 217, 175, 73, 54, 287, 173, 82, 48, 17, 261, 18, 279, 196, 78
93, Gimmie Food, 266, 296, 216, 5, 41, 143, 185, 84, 208, 153, 190, 258, 218, 188, 269, 20, 232, 193, 255, 285
94, Shopping Cart, 76, 263, 241, 187, 64, 137, 178, 49, 278, 204, 88, 243, 160, 182, 177, 244, 290, 180, 23, 223
95, Foodie, 248, 280, 237, 222, 51, 163, 183, 10, 224, 35, 33, 115, 215, 220, 9, 171, 85, 157, 189, 53
96, Always Tip, 57, 170, 295, 50, 268, 239, 262, 40, 16, 276, 219, 86, 21, 197, 169, 247, 236, 69, 126, 29
97, Kitchen Favs, 37, 52, 181, 87, 132, 198, 6, 214, 294, 68, 213, 225, 62, 154, 168
98, Cookbooks, 293, 152, 201, 47, 205, 72, 34, 11, 8, 184, 46, 161, 281, 283, 74, 199
99, Autoserved, -1002, 50, autoserve
100, No Autoserve?!, -1002, 50, 0
101, Stick Roll, 5, 6, 8, 9, 27, 46, 148, 150, 154, 151, 158, 225, 240, 245
102, Nightmare, 244, 159, 5, 290, 64, 38, 63, 242, 236, 278, 247, 263, 255, 256, 259, 171, 174, 182, 220, 241, 7, 2
103, Quick Meal, 4, 295, 10, 294, 200, 201, 40, 205, 104, 115, 237, 239
104, Cheese Please, 2, 73, 148, 149, 150, 154, 204, 205, 23, 171, 290, 203, 260, 289, 163, 75, 159, 160, 58, 229, 263, 51, 172, 174, 62, 232, 34, 132, 72, 237, 7, 59, 182, 241, 244, 253, 251, 187, 188, 176
105, Buns Out, 2, 14, 23, 38, 44, 64, 72, 149, 153, 159, 163, 160, 175, 182, 204, 241, 244, 289
106, Suddenly C-More, 199, 151, 200, 201, 40, 32, 202, 152, 84, 42, 153, 43, 280, 154, 44, 155, 39, 270, 204, 143, 19, 205, 46, 206, 207, 208, 23, 276
